Category,Currency,ManufacturerID,Price,Product,ProductID,Segment
Mix,USD,2,329.78,Aliqui MA-01,2187,All Season
Mix,USD,2,233.58,Aliqui MA-02,2188,All Season
Mix,USD,2,351.23,Aliqui MA-03,2189,All Season
Mix,USD,2,329.78,Aliqui MA-04,2190,All Season
Mix,USD,2,246.7,Aliqui MA-05,2191,All Season
Mix,USD,2,220.45,Aliqui MA-06,2192,All Season
Mix,USD,2,792.23,Aliqui MA-07,2193,All Season
Mix,USD,2,329.78,Aliqui MA-08,2194,All Season
Mix,USD,2,165.32,Aliqui MA-09,2195,All Season
Mix,USD,2,329.78,Aliqui MA-10,2196,All Season
Mix,USD,2,272.48,Aliqui MA-11,2197,All Season
Mix,USD,2,329.78,Aliqui MA-12,2198,All Season
Mix,USD,2,240.98,Aliqui MA-13,2199,All Season
Mix,USD,2,17.33,Aliqui MA-14,2200,All Season
Mix,USD,2,62.95,Aliqui MA-15,2201,All Season
Mix,USD,2,345.98,Aliqui MA-16,2202,All Season
Mix,USD,2,849.98,Aliqui MA-17,2203,All Season
Mix,USD,4,448.82,Currus MA-01,1908,All Season
Mix,USD,4,220.45,Currus MA-02,1909,All Season
Mix,USD,4,244.08,Currus MA-04,1911,All Season
Mix,USD,4,377.43,Currus MA-05,1912,All Season
Mix,USD,4,173.2,Currus MA-07,1914,All Season
Mix,USD,4,666.7,Currus MA-08,1915,All Season
Mix,USD,4,346.45,Currus MA-09,1916,All Season
Mix,USD,4,734.95,Currus MA-11,1918,All Season
Mix,USD,4,341.2,Currus MA-13,1920,All Season
Mix,USD,4,367.45,Currus MA-17,1924,All Season
Mix,USD,8,329.78,Natura MA-01,694,All Season
Mix,USD,8,89.2,Natura MA-02,695,All Season
Mix,USD,8,329.78,Natura MA-03,696,All Season
Mix,USD,8,329.78,Natura MA-04,697,All Season
Mix,USD,8,329.78,Natura MA-05,698,All Season
Mix,USD,8,238.83,Natura MA-06,699,All Season
Mix,USD,8,329.78,Natura MA-07,700,All Season
Mix,USD,8,236.15,Natura MA-08,701,All Season
Mix,USD,8,351.23,Natura MA-09,702,All Season
Mix,USD,8,329.78,Natura MA-10,703,All Season
Mix,USD,8,329.78,Natura MA-11,704,All Season
Mix,USD,8,329.78,Natura MA-12,705,All Season
Mix,USD,8,283.45,Natura MA-13,706,All Season
Mix,USD,8,329.78,Natura MA-14,707,All Season
Mix,USD,8,329.78,Natura MA-15,708,All Season
Mix,USD,8,329.78,Natura MA-16,709,All Season
Mix,USD,8,329.78,Natura MA-17,710,All Season
Mix,USD,8,246.7,Natura MA-18,711,All Season
Mix,USD,8,225.7,Natura MA-19,712,All Season
Mix,USD,10,419.95,Pirum MA-01,1043,All Season
Mix,USD,10,286.08,Pirum MA-02,1044,All Season
Mix,USD,10,217.83,Pirum MA-03,1045,All Season
Mix,USD,10,104.95,Pirum MA-04,1046,All Season
Mix,USD,10,236.2,Pirum MA-05,1047,All Season
Mix,USD,10,329.78,Pirum MA-06,1048,All Season
Mix,USD,10,278.2,Pirum MA-07,1049,All Season
Mix,USD,10,293.95,Pirum MA-08,1050,All Season
Mix,USD,10,54.55,Pirum MA-09,1051,All Season
Mix,USD,10,251.95,Pirum MA-10,1052,All Season
Mix,USD,10,346.45,Pirum MA-11,1053,All Season
Mix,USD,10,299.2,Pirum MA-12,1054,All Season
Rural,USD,2,173.2,Aliqui RP-01,2204,Productivity
Rural,USD,2,173.2,Aliqui RP-02,2205,Productivity
Rural,USD,2,117.6,Aliqui RP-03,2206,Productivity
Rural,USD,2,117.6,Aliqui RP-04,2207,Productivity
Rural,USD,2,0,Aliqui RP-05,2208,Productivity
Rural,USD,2,0,Aliqui RP-06,2209,Productivity
Rural,USD,2,107.58,Aliqui RP-07,2210,Productivity
Rural,USD,2,107.58,Aliqui RP-08,2211,Productivity
Rural,USD,2,91.83,Aliqui RP-09,2212,Productivity
Rural,USD,2,91.83,Aliqui RP-10,2213,Productivity
Rural,USD,2,435.23,Aliqui RP-11,2214,Productivity
Rural,USD,2,435.23,Aliqui RP-12,2215,Productivity
Rural,USD,2,329.78,Aliqui RP-13,2216,Productivity
Rural,USD,2,329.78,Aliqui RP-14,2217,Productivity
Rural,USD,2,172.73,Aliqui RP-15,2218,Productivity
Rural,USD,2,172.73,Aliqui RP-16,2219,Productivity
Rural,USD,2,329.78,Aliqui RP-17,2220,Productivity
Rural,USD,2,329.78,Aliqui RP-18,2221,Productivity
Rural,USD,2,246.7,Aliqui RP-19,2222,Productivity
Rural,USD,2,246.7,Aliqui RP-20,2223,Productivity
Rural,USD,2,80.85,Aliqui RP-21,2224,Productivity
Rural,USD,2,80.85,Aliqui RP-22,2225,Productivity
Rural,USD,2,325.45,Aliqui RP-23,2226,Productivity
Rural,USD,2,325.45,Aliqui RP-24,2227,Productivity
Rural,USD,2,329.78,Aliqui RP-25,2228,Productivity
Rural,USD,2,329.78,Aliqui RP-26,2229,Productivity
Rural,USD,2,329.78,Aliqui RP-27,2230,Productivity
Rural,USD,2,329.78,Aliqui RP-28,2231,Productivity
Rural,USD,2,329.78,Aliqui RP-29,2232,Productivity
Rural,USD,2,329.78,Aliqui RP-30,2233,Productivity
Rural,USD,2,70.83,Aliqui RP-31,2234,Productivity
Rural,USD,2,70.83,Aliqui RP-32,2235,Productivity
Rural,USD,2,209.48,Aliqui RP-33,2236,Productivity
Rural,USD,2,209.48,Aliqui RP-34,2237,Productivity
Rural,USD,2,141.7,Aliqui RP-35,2238,Productivity
Rural,USD,2,141.7,Aliqui RP-36,2239,Productivity
Rural,USD,2,89.2,Aliqui RP-37,2240,Productivity
Rural,USD,2,89.2,Aliqui RP-38,2241,Productivity
Rural,USD,2,329.78,Aliqui RP-39,2242,Productivity
Rural,USD,2,329.78,Aliqui RP-40,2243,Productivity
Rural,USD,2,329.78,Aliqui RP-41,2244,Productivity
Rural,USD,2,329.78,Aliqui RP-42,2245,Productivity
Rural,USD,2,131.2,Aliqui RP-43,2246,Productivity
Rural,USD,2,131.2,Aliqui RP-44,2247,Productivity
Rural,USD,2,329.78,Aliqui RP-45,2248,Productivity
Rural,USD,2,329.78,Aliqui RP-46,2249,Productivity
Rural,USD,2,125.95,Aliqui RP-47,2250,Productivity
Rural,USD,2,125.95,Aliqui RP-48,2251,Productivity
Rural,USD,2,141.7,Aliqui RP-49,2252,Productivity
Rural,USD,2,141.7,Aliqui RP-50,2253,Productivity
Rural,USD,2,75.6,Aliqui RP-51,2254,Productivity
Rural,USD,2,75.6,Aliqui RP-52,2255,Productivity
Rural,USD,2,329.78,Aliqui RP-53,2256,Productivity
Rural,USD,2,329.78,Aliqui RP-54,2257,Productivity
Rural,USD,2,329.78,Aliqui RP-55,2258,Productivity
Rural,USD,2,329.78,Aliqui RP-56,2259,Productivity
Rural,USD,2,188.95,Aliqui RP-57,2260,Productivity
Rural,USD,2,188.95,Aliqui RP-58,2261,Productivity
Rural,USD,2,366.98,Aliqui RP-59,2262,Productivity
Rural,USD,2,366.98,Aliqui RP-60,2263,Productivity
Rural,USD,2,329.78,Aliqui RP-61,2264,Productivity
Rural,USD,2,329.78,Aliqui RP-62,2265,Productivity
Rural,USD,2,329.78,Aliqui RP-63,2266,Productivity
Rural,USD,2,329.78,Aliqui RP-64,2267,Productivity
Rural,USD,2,309.7,Aliqui RS-01,2268,Select
Rural,USD,2,393.23,Aliqui RS-02,2269,Select
Rural,USD,2,314.95,Aliqui RS-03,2270,Select
Rural,USD,2,329.78,Aliqui RS-04,2271,Select
Rural,USD,2,329.78,Aliqui RS-05,2272,Select
Rural,USD,2,1023.7,Aliqui RS-06,2273,Select
Rural,USD,2,293.95,Aliqui RS-07,2274,Select
Rural,USD,2,445.73,Aliqui RS-08,2275,Select
Rural,USD,2,329.78,Aliqui RS-09,2276,Select
Rural,USD,2,330.23,Aliqui RS-10,2277,Select
Rural,USD,2,186.32,Aliqui RS-11,2278,Select
Rural,USD,2,167.95,Aliqui RS-12,2279,Select
Rural,USD,2,209.48,Aliqui RS-13,2280,Select
Rural,USD,2,236.2,Aliqui RS-14,2281,Select
Rural,USD,2,304.45,Aliqui RS-15,2282,Select
Rural,USD,2,329.78,Aliqui RS-16,2283,Select
Rural,USD,2,375.38,Aliqui RS-17,2284,Select
Rural,USD,2,329.78,Aliqui RS-18,2285,Select
Rural,USD,4,329.78,Currus MA-03,1910,All Season
Rural,USD,4,329.78,Currus MA-06,1913,All Season
Rural,USD,4,329.78,Currus MA-10,1917,All Season
Rural,USD,4,329.78,Currus MA-12,1919,All Season
Rural,USD,4,329.78,Currus MA-14,1921,All Season
Rural,USD,4,329.78,Currus MA-15,1922,All Season
Rural,USD,4,329.78,Currus MA-16,1923,All Season
Rural,USD,4,329.78,Currus MA-18,1925,All Season
Rural,USD,4,99.7,Currus RP-01,1926,Productivity
Rural,USD,4,99.7,Currus RP-02,1927,Productivity
Rural,USD,4,329.78,Currus RP-03,1928,Productivity
Rural,USD,4,329.78,Currus RP-04,1929,Productivity
Rural,USD,4,286.07,Currus RP-05,1930,Productivity
Rural,USD,4,286.07,Currus RP-06,1931,Productivity
Rural,USD,4,440.95,Currus RP-07,1932,Productivity
Rural,USD,4,440.95,Currus RP-08,1933,Productivity
Rural,USD,4,167.95,Currus RP-09,1934,Productivity
Rural,USD,4,167.95,Currus RP-10,1935,Productivity
Rural,USD,4,288.7,Currus RP-11,1936,Productivity
Rural,USD,4,288.7,Currus RP-12,1937,Productivity
Rural,USD,4,293.95,Currus RP-13,1938,Productivity
Rural,USD,4,293.95,Currus RP-14,1939,Productivity
Rural,USD,4,217.82,Currus RP-15,1940,Productivity
Rural,USD,4,217.82,Currus RP-16,1941,Productivity
Rural,USD,4,162.7,Currus RP-17,1942,Productivity
Rural,USD,4,162.7,Currus RP-18,1943,Productivity
Rural,USD,4,329.78,Currus RP-19,1944,Productivity
Rural,USD,4,329.78,Currus RP-20,1945,Productivity
Rural,USD,4,280.83,Currus RP-21,1946,Productivity
Rural,USD,4,280.83,Currus RP-22,1947,Productivity
Rural,USD,4,320.2,Currus RP-23,1948,Productivity
Rural,USD,4,320.2,Currus RP-24,1949,Productivity
Rural,USD,4,335.95,Currus RP-25,1950,Productivity
Rural,USD,4,335.95,Currus RP-26,1951,Productivity
Rural,USD,4,329.78,Currus RP-27,1952,Productivity
Rural,USD,4,329.78,Currus RP-28,1953,Productivity
Rural,USD,4,329.78,Currus RP-29,1954,Productivity
Rural,USD,4,329.78,Currus RP-30,1955,Productivity
Rural,USD,4,153.78,Currus RP-31,1956,Productivity
Rural,USD,4,153.78,Currus RP-32,1957,Productivity
Rural,USD,4,78.7,Currus RP-33,1958,Productivity
Rural,USD,4,78.7,Currus RP-34,1959,Productivity
Rural,USD,4,98.65,Currus RP-35,1960,Productivity
Rural,USD,4,98.65,Currus RP-36,1961,Productivity
Rural,USD,4,149.58,Currus RP-37,1962,Productivity
Rural,USD,4,149.58,Currus RP-38,1963,Productivity
Rural,USD,4,89.2,Currus RP-39,1964,Productivity
Rural,USD,4,89.2,Currus RP-40,1965,Productivity
Rural,USD,4,246.7,Currus RP-41,1966,Productivity
Rural,USD,4,246.7,Currus RP-42,1967,Productivity
Rural,USD,4,238.83,Currus RP-43,1968,Productivity
Rural,USD,4,238.83,Currus RP-44,1969,Productivity
Rural,USD,4,329.78,Currus RP-45,1970,Productivity
Rural,USD,4,329.78,Currus RP-46,1971,Productivity
Rural,USD,4,329.78,Currus RP-47,1972,Productivity
Rural,USD,4,329.78,Currus RP-48,1973,Productivity
Rural,USD,4,57.7,Currus RP-49,1974,Productivity
Rural,USD,4,57.7,Currus RP-50,1975,Productivity
Rural,USD,4,329.78,Currus RP-51,1976,Productivity
Rural,USD,4,329.78,Currus RP-52,1977,Productivity
Rural,USD,4,267.7,Currus RP-53,1978,Productivity
Rural,USD,4,267.7,Currus RP-54,1979,Productivity
Rural,USD,4,220.45,Currus RP-55,1980,Productivity
Rural,USD,4,398.95,Currus RS-01,1982,Select
Rural,USD,4,367.45,Currus RS-02,1983,Select
Rural,USD,4,183.7,Currus RS-03,1984,Select
Rural,USD,4,160.08,Currus RS-04,1985,Select
Rural,USD,4,167.95,Currus RS-05,1986,Select
Rural,USD,4,209.95,Currus RS-06,1987,Select
Rural,USD,4,329.78,Currus RS-07,1988,Select
Rural,USD,4,456.7,Currus RS-08,1989,Select
Rural,USD,4,267.7,Currus RS-09,1990,Select
Rural,USD,4,329.78,Currus RS-11,1992,Select
Rural,USD,4,329.78,Currus UM-03,1996,Moderation
Rural,USD,7,510.57,Maximus RP-01,392,Productivity
Rural,USD,7,510.57,Maximus RP-02,393,Productivity
Rural,USD,7,1640.58,Maximus RS-01,394,Select
Rural,USD,7,382.99,Maximus RS-02,395,Select
Rural,USD,8,162.7,Natura RP-01,713,Productivity
Rural,USD,8,162.7,Natura RP-02,714,Productivity
Rural,USD,8,165.32,Natura RP-03,715,Productivity
Rural,USD,8,165.32,Natura RP-04,716,Productivity
Rural,USD,8,170.58,Natura RP-05,717,Productivity
Rural,USD,8,170.58,Natura RP-06,718,Productivity
Rural,USD,8,104.95,Natura RP-07,719,Productivity
Rural,USD,8,104.95,Natura RP-08,720,Productivity
Rural,USD,8,167.95,Natura RP-09,721,Productivity
Rural,USD,8,167.95,Natura RP-10,722,Productivity
Rural,USD,8,329.78,Natura RP-11,723,Productivity
Rural,USD,8,329.78,Natura RP-12,724,Productivity
Rural,USD,8,120.7,Natura RP-13,725,Productivity
Rural,USD,8,120.7,Natura RP-14,726,Productivity
Rural,USD,8,68.2,Natura RP-15,727,Productivity
Rural,USD,8,68.2,Natura RP-16,728,Productivity
Rural,USD,8,325.45,Natura RP-17,729,Productivity
Rural,USD,8,325.45,Natura RP-18,730,Productivity
Rural,USD,8,146.95,Natura RP-19,731,Productivity
Rural,USD,8,146.95,Natura RP-20,732,Productivity
Rural,USD,8,443.1,Natura RP-21,733,Productivity
Rural,USD,8,443.1,Natura RP-22,734,Productivity
Rural,USD,8,443.1,Natura RP-23,735,Productivity
Rural,USD,8,443.1,Natura RP-24,736,Productivity
Rural,USD,8,472.45,Natura RP-25,737,Productivity
Rural,USD,8,472.45,Natura RP-26,738,Productivity
Rural,USD,8,173.2,Natura RP-27,739,Productivity
Rural,USD,8,173.2,Natura RP-28,740,Productivity
Rural,USD,8,329.78,Natura RP-29,741,Productivity
Rural,USD,8,329.78,Natura RP-30,742,Productivity
Rural,USD,8,272.95,Natura RP-31,743,Productivity
Rural,USD,8,272.95,Natura RP-32,744,Productivity
Rural,USD,8,220.45,Natura RP-33,745,Productivity
Rural,USD,8,220.45,Natura RP-34,746,Productivity
Rural,USD,8,291.33,Natura RP-35,747,Productivity
Rural,USD,8,291.33,Natura RP-36,748,Productivity
Rural,USD,8,629.95,Natura RP-37,749,Productivity
Rural,USD,8,629.95,Natura RP-38,750,Productivity
Rural,USD,8,329.78,Natura RP-39,751,Productivity
Rural,USD,8,329.78,Natura RP-40,752,Productivity
Rural,USD,8,246.7,Natura RP-41,753,Productivity
Rural,USD,8,246.7,Natura RP-42,754,Productivity
Rural,USD,8,329.78,Natura RP-43,755,Productivity
Rural,USD,8,329.78,Natura RP-44,756,Productivity
Rural,USD,8,83.95,Natura RP-45,757,Productivity
Rural,USD,8,83.95,Natura RP-46,758,Productivity
Rural,USD,8,191.1,Natura RP-47,759,Productivity
Rural,USD,8,191.1,Natura RP-48,760,Productivity
Rural,USD,8,218.93,Natura RP-49,761,Productivity
Rural,USD,8,218.93,Natura RP-50,762,Productivity
Rural,USD,8,389.55,Natura RP-51,763,Productivity
Rural,USD,8,389.55,Natura RP-52,764,Productivity
Rural,USD,8,329.78,Natura RP-53,765,Productivity
Rural,USD,8,329.78,Natura RP-54,766,Productivity
Rural,USD,8,104.95,Natura RP-55,767,Productivity
Rural,USD,8,104.95,Natura RP-56,768,Productivity
Rural,USD,8,288.7,Natura RP-57,769,Productivity
Rural,USD,8,288.7,Natura RP-58,770,Productivity
Rural,USD,8,167.95,Natura RP-59,771,Productivity
Rural,USD,8,167.95,Natura RP-60,772,Productivity
Rural,USD,8,329.78,Natura RP-61,773,Productivity
Rural,USD,8,329.78,Natura RP-62,774,Productivity
Rural,USD,8,329.78,Natura RP-63,775,Productivity
Rural,USD,8,329.78,Natura RP-64,776,Productivity
Rural,USD,8,151.2,Natura RP-65,777,Productivity
Rural,USD,8,151.2,Natura RP-66,778,Productivity
Rural,USD,8,389.03,Natura RP-67,779,Productivity
Rural,USD,8,389.03,Natura RP-68,780,Productivity
Rural,USD,8,129.68,Natura RP-69,781,Productivity
Rural,USD,8,129.68,Natura RP-70,782,Productivity
Rural,USD,8,120.7,Natura RP-71,783,Productivity
Rural,USD,8,120.7,Natura RP-72,784,Productivity
Rural,USD,8,68.2,Natura RP-73,785,Productivity
Rural,USD,8,68.2,Natura RP-74,786,Productivity
Rural,USD,8,333.32,Natura RP-75,787,Productivity
Rural,USD,8,333.32,Natura RP-76,788,Productivity
Rural,USD,8,225.7,Natura RP-77,789,Productivity
Rural,USD,8,225.7,Natura RP-78,790,Productivity
Rural,USD,8,80.85,Natura RP-79,791,Productivity
Rural,USD,8,80.85,Natura RP-80,792,Productivity
Rural,USD,8,102.9,Natura RP-81,793,Productivity
Rural,USD,8,102.9,Natura RP-82,794,Productivity
Rural,USD,8,278.2,Natura RP-83,795,Productivity
Rural,USD,8,278.2,Natura RP-84,796,Productivity
Rural,USD,8,335.95,Natura RS-01,797,Select
Rural,USD,8,131.2,Natura RS-02,798,Select
Rural,USD,8,1501.45,Natura RS-03,799,Select
Rural,USD,8,262.45,Natura RS-04,800,Select
Rural,USD,8,309.7,Natura RS-05,801,Select
Rural,USD,8,167.95,Natura RS-06,802,Select
Rural,USD,8,162.7,Natura RS-07,803,Select
Rural,USD,8,167.95,Natura RS-08,804,Select
Rural,USD,8,188.95,Natura RS-09,805,Select
Rural,USD,8,1158.48,Natura RS-10,806,Select
Rural,USD,8,261.98,Natura RS-11,807,Select
Rural,USD,8,398.95,Natura RS-12,808,Select
Rural,USD,8,269.85,Natura RS-13,809,Select
Rural,USD,8,666.7,Natura RS-14,810,Select
Rural,USD,8,262.45,Natura RS-15,811,Select
Rural,USD,8,629.95,Natura RS-16,812,Select
Rural,USD,8,288.7,Natura RS-17,813,Select
Rural,USD,8,329.78,Natura RS-18,814,Select
Rural,USD,8,329.78,Natura RS-19,815,Select
Rural,USD,8,456.7,Natura RS-20,816,Select
Rural,USD,10,62.95,Pirum RP-01,1055,Productivity
Rural,USD,10,62.95,Pirum RP-02,1056,Productivity
Rural,USD,10,136.45,Pirum RP-03,1057,Productivity
Rural,USD,10,136.45,Pirum RP-04,1058,Productivity
Rural,USD,10,178.45,Pirum RP-05,1059,Productivity
Rural,USD,10,178.45,Pirum RP-06,1060,Productivity
Rural,USD,10,188.95,Pirum RP-07,1061,Productivity
Rural,USD,10,188.95,Pirum RP-08,1062,Productivity
Rural,USD,10,246.7,Pirum RP-09,1063,Productivity
Rural,USD,10,246.7,Pirum RP-10,1064,Productivity
Rural,USD,10,314.95,Pirum RP-11,1065,Productivity
Rural,USD,10,314.95,Pirum RP-12,1066,Productivity
Rural,USD,10,406.83,Pirum RP-13,1067,Productivity
Rural,USD,10,406.83,Pirum RP-14,1068,Productivity
Rural,USD,10,157.45,Pirum RP-15,1069,Productivity
Rural,USD,10,157.45,Pirum RP-16,1070,Productivity
Rural,USD,10,209.95,Pirum RP-17,1071,Productivity
Rural,USD,10,209.95,Pirum RP-18,1072,Productivity
Rural,USD,10,257.2,Pirum RP-19,1073,Productivity
Rural,USD,10,257.2,Pirum RP-20,1074,Productivity
Rural,USD,10,259.83,Pirum RP-21,1075,Productivity
Rural,USD,10,259.83,Pirum RP-22,1076,Productivity
Rural,USD,10,383.2,Pirum RP-23,1077,Productivity
Rural,USD,10,383.2,Pirum RP-24,1078,Productivity
Rural,USD,10,265.08,Pirum RP-25,1079,Productivity
Rural,USD,10,265.08,Pirum RP-26,1080,Productivity
Rural,USD,10,236.2,Pirum RP-27,1081,Productivity
Rural,USD,10,236.2,Pirum RP-28,1082,Productivity
Rural,USD,10,55.07,Pirum RP-29,1083,Productivity
Rural,USD,10,55.07,Pirum RP-30,1084,Productivity
Rural,USD,10,131.2,Pirum RP-31,1085,Productivity
Rural,USD,10,131.2,Pirum RP-32,1086,Productivity
Rural,USD,10,286.08,Pirum RP-33,1087,Productivity
Rural,USD,10,286.08,Pirum RP-34,1088,Productivity
Rural,USD,10,393.7,Pirum RP-35,1089,Productivity
Rural,USD,10,393.7,Pirum RP-36,1090,Productivity
Rural,USD,10,181.08,Pirum RP-37,1091,Productivity
Rural,USD,10,181.08,Pirum RP-38,1092,Productivity
Rural,USD,10,62.95,Pirum RP-39,1093,Productivity
Rural,USD,10,62.95,Pirum RP-40,1094,Productivity
Rural,USD,10,125.95,Pirum RP-41,1095,Productivity
Rural,USD,10,125.95,Pirum RP-42,1096,Productivity
Rural,USD,10,320.2,Pirum RP-43,1097,Productivity
Rural,USD,10,320.2,Pirum RP-44,1098,Productivity
Rural,USD,10,65.57,Pirum RP-45,1099,Productivity
Rural,USD,10,65.57,Pirum RP-46,1100,Productivity
Rural,USD,10,238.82,Pirum RP-47,1101,Productivity
Rural,USD,10,238.82,Pirum RP-48,1102,Productivity
Rural,USD,10,162.7,Pirum RP-49,1103,Productivity
Rural,USD,10,162.7,Pirum RP-50,1104,Productivity
Rural,USD,10,259.83,Pirum RP-51,1105,Productivity
Rural,USD,10,259.83,Pirum RP-52,1106,Productivity
Rural,USD,10,160.08,Pirum RP-53,1107,Productivity
Rural,USD,10,160.08,Pirum RP-54,1108,Productivity
Rural,USD,10,223.07,Pirum RP-55,1109,Productivity
Rural,USD,10,223.07,Pirum RP-56,1110,Productivity
Rural,USD,10,120.7,Pirum RP-57,1111,Productivity
Rural,USD,10,120.7,Pirum RP-58,1112,Productivity
Rural,USD,10,194.2,Pirum RS-01,1113,Select
Rural,USD,10,228.33,Pirum RS-02,1114,Select
Rural,USD,10,456.7,Pirum RS-03,1115,Select
Rural,USD,10,267.7,Pirum RS-04,1116,Select
Rural,USD,10,309.7,Pirum RS-05,1117,Select
Rural,USD,10,398.95,Pirum RS-06,1118,Select
Rural,USD,10,293.95,Pirum RS-07,1119,Select
Rural,USD,10,241.45,Pirum RS-08,1120,Select
Rural,USD,10,94.45,Pirum RS-09,1121,Select
Rural,USD,10,157.45,Pirum RS-10,1122,Select
Rural,USD,10,288.7,Pirum RS-11,1123,Select
Urban,USD,2,467.2,Aliqui UC-01,2353,Convenience
Urban,USD,2,414.23,Aliqui UC-02,2354,Convenience
Urban,USD,2,708.23,Aliqui UC-03,2355,Convenience
Urban,USD,2,728.7,Aliqui UC-04,2356,Convenience
Urban,USD,2,293.95,Aliqui UC-05,2357,Convenience
Urban,USD,2,329.78,Aliqui UC-06,2358,Convenience
Urban,USD,2,477.7,Aliqui UC-07,2359,Convenience
Urban,USD,2,613.73,Aliqui UC-08,2360,Convenience
Urban,USD,2,650.48,Aliqui UC-09,2361,Convenience
Urban,USD,2,818.95,Aliqui UC-10,2362,Convenience
Urban,USD,2,1049.48,Aliqui UC-11,2363,Convenience
Urban,USD,2,335.95,Aliqui UC-12,2364,Convenience
Urban,USD,2,592.73,Aliqui UC-13,2365,Convenience
Urban,USD,2,435.23,Aliqui UC-14,2366,Convenience
Urban,USD,2,513.98,Aliqui UC-15,2367,Convenience
Urban,USD,2,1049.48,Aliqui UC-16,2368,Convenience
Urban,USD,2,456.23,Aliqui UC-17,2369,Convenience
Urban,USD,2,750.7,Aliqui UC-18,2370,Convenience
Urban,USD,2,587.95,Aliqui UC-19,2371,Convenience
Urban,USD,2,435.7,Aliqui UC-20,2372,Convenience
Urban,USD,2,624.7,Aliqui UC-21,2373,Convenience
Urban,USD,2,661.45,Aliqui UC-22,2374,Convenience
Urban,USD,2,698.2,Aliqui UC-23,2375,Convenience
Urban,USD,2,834.23,Aliqui UC-24,2376,Convenience
Urban,USD,2,870.98,Aliqui UC-25,2377,Convenience
Urban,USD,2,823.73,Aliqui UC-26,2378,Convenience
Urban,USD,2,227.85,Aliqui UC-27,2379,Convenience
Urban,USD,2,366.98,Aliqui UC-28,2380,Convenience
Urban,USD,2,635.2,Aliqui UC-29,2381,Convenience
Urban,USD,2,329.78,Aliqui UC-30,2382,Convenience
Urban,USD,2,329.78,Aliqui UC-31,2383,Convenience
Urban,USD,2,702.98,Aliqui UC-32,2384,Convenience
Urban,USD,2,802.73,Aliqui UC-33,2385,Convenience
Urban,USD,2,329.78,Aliqui UC-34,2386,Convenience
Urban,USD,2,530.2,Aliqui UC-35,2387,Convenience
Urban,USD,2,346.45,Aliqui UC-36,2388,Convenience
Urban,USD,2,923.48,Aliqui UC-37,2389,Convenience
Urban,USD,2,191.57,Aliqui UC-38,2390,Convenience
Urban,USD,2,823.73,Aliqui UC-39,2391,Convenience
Urban,USD,2,619.45,Aliqui UE-01,2327,Extreme
Urban,USD,2,393.7,Aliqui UE-02,2328,Extreme
Urban,USD,2,329.78,Aliqui UE-03,2329,Extreme
Urban,USD,2,787.45,Aliqui UE-04,2330,Extreme
Urban,USD,2,945,Aliqui UE-05,2331,Extreme
Urban,USD,2,597.98,Aliqui UE-06,2332,Extreme
Urban,USD,2,393.7,Aliqui UE-07,2333,Extreme
Urban,USD,2,382.73,Aliqui UE-08,2334,Extreme
Urban,USD,2,514.45,Aliqui UE-09,2335,Extreme
Urban,USD,2,813.23,Aliqui UE-10,2336,Extreme
Urban,USD,2,419.48,Aliqui UE-11,2337,Extreme
Urban,USD,2,472.45,Aliqui UE-12,2338,Extreme
Urban,USD,2,488.2,Aliqui UE-13,2339,Extreme
Urban,USD,2,551.2,Aliqui UE-14,2340,Extreme
Urban,USD,2,466.73,Aliqui UE-15,2341,Extreme
Urban,USD,2,241.45,Aliqui UE-16,2342,Extreme
Urban,USD,2,566.48,Aliqui UE-17,2343,Extreme
Urban,USD,2,52.45,Aliqui UE-18,2344,Extreme
Urban,USD,2,446.2,Aliqui UE-19,2345,Extreme
Urban,USD,2,329.78,Aliqui UE-20,2346,Extreme
Urban,USD,2,329.78,Aliqui UE-21,2347,Extreme
Urban,USD,2,855.23,Aliqui UE-22,2348,Extreme
Urban,USD,2,419.95,Aliqui UE-23,2349,Extreme
Urban,USD,2,414.23,Aliqui UE-24,2350,Extreme
Urban,USD,2,341.2,Aliqui UE-25,2351,Extreme
Urban,USD,2,388.45,Aliqui UE-26,2352,Extreme
Urban,USD,2,834.23,Aliqui UM-01,2286,Moderation
Urban,USD,2,839.95,Aliqui UM-02,2287,Moderation
Urban,USD,2,329.78,Aliqui UM-03,2288,Moderation
Urban,USD,2,944.48,Aliqui UM-04,2289,Moderation
Urban,USD,2,813.7,Aliqui UM-05,2290,Moderation
Urban,USD,2,918.23,Aliqui UM-06,2291,Moderation
Urban,USD,2,723.98,Aliqui UM-07,2292,Moderation
Urban,USD,2,855.23,Aliqui UM-08,2293,Moderation
Urban,USD,2,403.15,Aliqui UM-09,2294,Moderation
Urban,USD,2,1080.98,Aliqui UM-10,2295,Moderation
Urban,USD,2,886.73,Aliqui UM-11,2296,Moderation
Urban,USD,2,622.07,Aliqui UM-12,2297,Moderation
Urban,USD,2,329.78,Aliqui UR-01,2298,Regular
Urban,USD,2,115.45,Aliqui UR-02,2299,Regular
Urban,USD,2,329.78,Aliqui UR-03,2300,Regular
Urban,USD,2,329.78,Aliqui UR-04,2301,Regular
Urban,USD,2,0,Aliqui UR-05,2302,Regular
Urban,USD,2,329.78,Aliqui UR-06,2303,Regular
Urban,USD,2,329.78,Aliqui UR-07,2304,Regular
Urban,USD,2,283.45,Aliqui UR-08,2305,Regular
Urban,USD,2,329.78,Aliqui UR-09,2306,Regular
Urban,USD,2,283.45,Aliqui UR-10,2307,Regular
Urban,USD,2,329.78,Aliqui UR-11,2308,Regular
Urban,USD,2,314.48,Aliqui UR-12,2309,Regular
Urban,USD,2,329.78,Aliqui UR-13,2310,Regular
Urban,USD,2,194.2,Aliqui UR-14,2311,Regular
Urban,USD,2,194.2,Aliqui UR-15,2312,Regular
Urban,USD,2,28.3,Aliqui UR-16,2313,Regular
Urban,USD,2,13.91,Aliqui UR-17,2314,Regular
Urban,USD,2,329.78,Aliqui UR-18,2315,Regular
Urban,USD,2,329.78,Aliqui UR-19,2316,Regular
Urban,USD,2,329.78,Aliqui UR-20,2317,Regular
Urban,USD,2,329.78,Aliqui UR-21,2318,Regular
Urban,USD,2,329.78,Aliqui UR-22,2319,Regular
Urban,USD,2,34.07,Aliqui UR-23,2320,Regular
Urban,USD,2,367.45,Aliqui UR-24,2321,Regular
Urban,USD,2,329.78,Aliqui UR-25,2322,Regular
Urban,USD,2,329.78,Aliqui UR-26,2323,Regular
Urban,USD,2,329.78,Aliqui UR-27,2324,Regular
Urban,USD,2,278.2,Aliqui UR-28,2325,Regular
Urban,USD,2,188.95,Aliqui UR-29,2326,Regular
Urban,USD,4,220.45,Currus RP-56,1981,Productivity
Urban,USD,4,320.2,Currus RS-10,1991,Select
Urban,USD,4,120.7,Currus RS-12,1993,Select
Urban,USD,4,393.7,Currus UC-01,2066,Convenience
Urban,USD,4,682.45,Currus UC-02,2067,Convenience
Urban,USD,4,329.78,Currus UC-03,2068,Convenience
Urban,USD,4,524.95,Currus UC-04,2069,Convenience
Urban,USD,4,524.95,Currus UC-05,2070,Convenience
Urban,USD,4,362.2,Currus UC-06,2071,Convenience
Urban,USD,4,329.78,Currus UC-07,2072,Convenience
Urban,USD,4,377.95,Currus UC-08,2073,Convenience
Urban,USD,4,335.95,Currus UC-09,2074,Convenience
Urban,USD,4,461.95,Currus UC-10,2075,Convenience
Urban,USD,4,776.95,Currus UC-11,2076,Convenience
Urban,USD,4,388.45,Currus UC-12,2077,Convenience
Urban,USD,4,577.45,Currus UC-13,2078,Convenience
Urban,USD,4,702.92,Currus UC-14,2079,Convenience
Urban,USD,4,577.45,Currus UC-15,2080,Convenience
Urban,USD,4,225.7,Currus UC-16,2081,Convenience
Urban,USD,4,467.2,Currus UC-17,2082,Convenience
Urban,USD,4,461.95,Currus UC-18,2083,Convenience
Urban,USD,4,750.7,Currus UC-19,2084,Convenience
Urban,USD,4,666.7,Currus UC-20,2085,Convenience
Urban,USD,4,299.2,Currus UC-21,2086,Convenience
Urban,USD,4,740.2,Currus UC-22,2087,Convenience
Urban,USD,4,587.95,Currus UC-23,2088,Convenience
Urban,USD,4,787.45,Currus UC-24,2089,Convenience
Urban,USD,4,440.95,Currus UC-25,2090,Convenience
Urban,USD,4,199.45,Currus UC-26,2091,Convenience
Urban,USD,4,351.7,Currus UC-27,2092,Convenience
Urban,USD,4,446.2,Currus UC-28,2093,Convenience
Urban,USD,4,438.33,Currus UC-29,2094,Convenience
Urban,USD,4,329.78,Currus UC-30,2095,Convenience
Urban,USD,4,329.78,Currus UC-31,2096,Convenience
Urban,USD,4,997.45,Currus UE-01,2041,Extreme
Urban,USD,4,624.7,Currus UE-02,2042,Extreme
Urban,USD,4,797.95,Currus UE-03,2043,Extreme
Urban,USD,4,393.7,Currus UE-04,2044,Extreme
Urban,USD,4,614.2,Currus UE-05,2045,Extreme
Urban,USD,4,433.08,Currus UE-06,2046,Extreme
Urban,USD,4,388.45,Currus UE-07,2047,Extreme
Urban,USD,4,477.7,Currus UE-08,2048,Extreme
Urban,USD,4,456.7,Currus UE-09,2049,Extreme
Urban,USD,4,503.95,Currus UE-10,2050,Extreme
Urban,USD,4,750.7,Currus UE-11,2051,Extreme
Urban,USD,4,766.45,Currus UE-12,2052,Extreme
Urban,USD,4,388.45,Currus UE-13,2053,Extreme
Urban,USD,4,729.7,Currus UE-14,2054,Extreme
Urban,USD,4,734.95,Currus UE-15,2055,Extreme
Urban,USD,4,335.95,Currus UE-16,2056,Extreme
Urban,USD,4,477.7,Currus UE-17,2057,Extreme
Urban,USD,4,288.7,Currus UE-18,2058,Extreme
Urban,USD,4,329.78,Currus UE-19,2059,Extreme
Urban,USD,4,383.2,Currus UE-20,2060,Extreme
Urban,USD,4,367.45,Currus UE-21,2061,Extreme
Urban,USD,4,551.2,Currus UE-22,2062,Extreme
Urban,USD,4,329.78,Currus UE-23,2063,Extreme
Urban,USD,4,656.2,Currus UE-24,2064,Extreme
Urban,USD,4,367.45,Currus UE-25,2065,Extreme
Urban,USD,4,734.95,Currus UM-01,1994,Moderation
Urban,USD,4,503.95,Currus UM-02,1995,Moderation
Urban,USD,4,803.2,Currus UM-04,1997,Moderation
Urban,USD,4,329.78,Currus UR-01,1998,Regular
Urban,USD,4,677.2,Currus UR-02,1999,Regular
Urban,USD,4,329.78,Currus UR-03,2000,Regular
Urban,USD,4,329.78,Currus UR-04,2001,Regular
Urban,USD,4,329.78,Currus UR-05,2002,Regular
Urban,USD,4,329.78,Currus UR-06,2003,Regular
Urban,USD,4,482.95,Currus UR-07,2004,Regular
Urban,USD,4,307.08,Currus UR-08,2005,Regular
Urban,USD,4,329.78,Currus UR-09,2006,Regular
Urban,USD,4,329.78,Currus UR-10,2007,Regular
Urban,USD,4,329.78,Currus UR-11,2008,Regular
Urban,USD,4,329.78,Currus UR-12,2009,Regular
Urban,USD,4,329.78,Currus UR-13,2010,Regular
Urban,USD,4,329.78,Currus UR-14,2011,Regular
Urban,USD,4,388.45,Currus UR-15,2012,Regular
Urban,USD,4,451.45,Currus UR-16,2013,Regular
Urban,USD,4,341.2,Currus UR-17,2014,Regular
Urban,USD,4,427.82,Currus UR-18,2015,Regular
Urban,USD,4,367.45,Currus UR-19,2016,Regular
Urban,USD,4,329.78,Currus UR-20,2017,Regular
Urban,USD,4,329.78,Currus UR-21,2018,Regular
Urban,USD,4,139.08,Currus UR-22,2019,Regular
Urban,USD,4,329.78,Currus UR-23,2020,Regular
Urban,USD,4,329.78,Currus UR-24,2021,Regular
Urban,USD,4,283.45,Currus UR-25,2022,Regular
Urban,USD,4,329.78,Currus UR-26,2023,Regular
Urban,USD,4,329.78,Currus UR-27,2024,Regular
Urban,USD,4,329.78,Currus UR-28,2025,Regular
Urban,USD,4,367.45,Currus UR-29,2026,Regular
Urban,USD,4,329.78,Currus UR-30,2027,Regular
Urban,USD,4,708.7,Currus UR-31,2028,Regular
Urban,USD,4,209.95,Currus UR-32,2029,Regular
Urban,USD,4,329.78,Currus UR-33,2030,Regular
Urban,USD,4,329.78,Currus UR-34,2031,Regular
Urban,USD,4,225.7,Currus UR-35,2032,Regular
Urban,USD,4,329.78,Currus UR-36,2033,Regular
Urban,USD,4,419.95,Currus UR-37,2034,Regular
Urban,USD,4,329.78,Currus UR-38,2035,Regular
Urban,USD,4,230.95,Currus UR-39,2036,Regular
Urban,USD,4,329.78,Currus UR-40,2037,Regular
Urban,USD,4,329.78,Currus UR-41,2038,Regular
Urban,USD,4,388.45,Currus UR-42,2039,Regular
Urban,USD,4,329.78,Currus UR-43,2040,Regular
Urban,USD,7,970.99,Maximus UC-00,635,Convenience
Urban,USD,7,921.64,Maximus UC-01,536,Convenience
Urban,USD,7,938.18,Maximus UC-01,636,Convenience
Urban,USD,7,850.45,Maximus UC-02,537,Convenience
Urban,USD,7,940.28,Maximus UC-02,637,Convenience
Urban,USD,7,1338.7,Maximus UC-03,538,Convenience
Urban,USD,7,1008.79,Maximus UC-03,638,Convenience
Urban,USD,7,1317.49,Maximus UC-04,539,Convenience
Urban,USD,7,886.99,Maximus UC-04,639,Convenience
Urban,USD,7,1322.74,Maximus UC-05,540,Convenience
Urban,USD,7,834.7,Maximus UC-05,640,Convenience
Urban,USD,7,1348.73,Maximus UC-06,541,Convenience
Urban,USD,7,856.01,Maximus UC-06,641,Convenience
Urban,USD,7,771.49,Maximus UC-07,542,Convenience
Urban,USD,7,919.01,Maximus UC-07,642,Convenience
Urban,USD,7,329.78,Maximus UC-08,543,Convenience
Urban,USD,7,1169.96,Maximus UC-08,643,Convenience
Urban,USD,7,953.93,Maximus UC-09,544,Convenience
Urban,USD,7,908.51,Maximus UC-09,644,Convenience
Urban,USD,7,908.2,Maximus UC-10,545,Convenience
Urban,USD,7,982.8,Maximus UC-10,645,Convenience
Urban,USD,7,1343.74,Maximus UC-11,546,Convenience
Urban,USD,7,938.18,Maximus UC-11,646,Convenience
Urban,USD,7,564.32,Maximus UC-12,547,Convenience
Urban,USD,7,940.01,Maximus UC-12,647,Convenience
Urban,USD,7,530.2,Maximus UC-13,548,Convenience
Urban,USD,7,892.24,Maximus UC-13,648,Convenience
Urban,USD,7,569.57,Maximus UC-14,549,Convenience
Urban,USD,7,845.2,Maximus UC-14,649,Convenience
Urban,USD,7,433.39,Maximus UC-15,550,Convenience
Urban,USD,7,524.95,Maximus UC-15,650,Convenience
Urban,USD,7,961.01,Maximus UC-16,551,Convenience
Urban,USD,7,845.2,Maximus UC-16,651,Convenience
Urban,USD,7,965.74,Maximus UC-17,552,Convenience
Urban,USD,7,843.68,Maximus UC-17,652,Convenience
Urban,USD,7,969.68,Maximus UC-18,553,Convenience
Urban,USD,7,929.2,Maximus UC-18,653,Convenience
Urban,USD,7,923.11,Maximus UC-19,554,Convenience
Urban,USD,7,1034.2,Maximus UC-19,654,Convenience
Urban,USD,7,939.7,Maximus UC-20,555,Convenience
Urban,USD,7,995.93,Maximus UC-20,655,Convenience
Urban,USD,7,866.2,Maximus UC-21,556,Convenience
Urban,USD,7,960.7,Maximus UC-21,656,Convenience
Urban,USD,7,845.51,Maximus UC-22,557,Convenience
Urban,USD,7,940.01,Maximus UC-22,657,Convenience
Urban,USD,7,1532.95,Maximus UC-23,558,Convenience
Urban,USD,7,934.24,Maximus UC-23,658,Convenience
Urban,USD,7,1042.91,Maximus UC-24,559,Convenience
Urban,USD,7,1564.45,Maximus UC-24,659,Convenience
Urban,USD,7,711.32,Maximus UC-25,560,Convenience
Urban,USD,7,712.95,Maximus UC-25,660,Convenience
Urban,USD,7,755.95,Maximus UC-26,561,Convenience
Urban,USD,7,329.78,Maximus UC-26,661,Convenience
Urban,USD,7,935.55,Maximus UC-27,562,Convenience
Urban,USD,7,854.18,Maximus UC-27,662,Convenience
Urban,USD,7,839.95,Maximus UC-28,563,Convenience
Urban,USD,7,786.71,Maximus UC-28,663,Convenience
Urban,USD,7,958.65,Maximus UC-29,564,Convenience
Urban,USD,7,329.78,Maximus UC-29,664,Convenience
Urban,USD,7,938.18,Maximus UC-30,565,Convenience
Urban,USD,7,329.78,Maximus UC-30,665,Convenience
Urban,USD,7,986.74,Maximus UC-31,566,Convenience
Urban,USD,7,824.2,Maximus UC-31,666,Convenience
Urban,USD,7,881.95,Maximus UC-32,567,Convenience
Urban,USD,7,829.45,Maximus UC-32,667,Convenience
Urban,USD,7,884.1,Maximus UC-33,568,Convenience
Urban,USD,7,1422.7,Maximus UC-33,668,Convenience
Urban,USD,7,1054.99,Maximus UC-34,569,Convenience
Urban,USD,7,1364.74,Maximus UC-34,669,Convenience
Urban,USD,7,619.45,Maximus UC-35,570,Convenience
Urban,USD,7,947.89,Maximus UC-35,670,Convenience
Urban,USD,7,527.1,Maximus UC-36,571,Convenience
Urban,USD,7,949.99,Maximus UC-36,671,Convenience
Urban,USD,7,472.24,Maximus UC-37,572,Convenience
Urban,USD,7,923.48,Maximus UC-37,672,Convenience
Urban,USD,7,319.99,Maximus UC-38,573,Convenience
Urban,USD,7,0,Maximus UC-38,673,Convenience
Urban,USD,7,955.45,Maximus UC-39,574,Convenience
Urban,USD,7,734.74,Maximus UC-39,674,Convenience
Urban,USD,7,934.5,Maximus UC-40,575,Convenience
Urban,USD,7,666.49,Maximus UC-40,675,Convenience
Urban,USD,7,1574.95,Maximus UC-41,576,Convenience
Urban,USD,7,886.99,Maximus UC-41,676,Convenience
Urban,USD,7,1034.2,Maximus UC-42,577,Convenience
Urban,USD,7,605.01,Maximus UC-42,677,Convenience
Urban,USD,7,797.95,Maximus UC-43,578,Convenience
Urban,USD,7,440.95,Maximus UC-43,678,Convenience
Urban,USD,7,1338.7,Maximus UC-44,579,Convenience
Urban,USD,7,454.07,Maximus UC-44,679,Convenience
Urban,USD,7,845.2,Maximus UC-45,580,Convenience
Urban,USD,7,329.78,Maximus UC-45,680,Convenience
Urban,USD,7,1396.24,Maximus UC-46,581,Convenience
Urban,USD,7,792.49,Maximus UC-46,681,Convenience
Urban,USD,7,362.2,Maximus UC-47,582,Convenience
Urban,USD,7,974.93,Maximus UC-47,682,Convenience
Urban,USD,7,555.71,Maximus UC-48,583,Convenience
Urban,USD,7,946.05,Maximus UC-48,683,Convenience
Urban,USD,7,624.7,Maximus UC-49,584,Convenience
Urban,USD,7,934.24,Maximus UC-49,684,Convenience
Urban,USD,7,425.2,Maximus UC-50,585,Convenience
Urban,USD,7,881.74,Maximus UC-50,685,Convenience
Urban,USD,7,385.09,Maximus UC-51,586,Convenience
Urban,USD,7,813.23,Maximus UC-51,686,Convenience
Urban,USD,7,163.01,Maximus UC-52,587,Convenience
Urban,USD,7,470.4,Maximus UC-52,687,Convenience
Urban,USD,7,624.7,Maximus UC-53,588,Convenience
Urban,USD,7,574.82,Maximus UC-53,688,Convenience
Urban,USD,7,902.95,Maximus UC-54,589,Convenience
Urban,USD,7,364.09,Maximus UC-54,689,Convenience
Urban,USD,7,902.95,Maximus UC-55,590,Convenience
Urban,USD,7,438.32,Maximus UC-55,690,Convenience
Urban,USD,7,942.11,Maximus UC-56,591,Convenience
Urban,USD,7,421.84,Maximus UC-56,691,Convenience
Urban,USD,7,965.74,Maximus UC-57,592,Convenience
Urban,USD,7,251.95,Maximus UC-57,692,Convenience
Urban,USD,7,923.95,Maximus UC-58,593,Convenience
Urban,USD,7,321.3,Maximus UC-58,693,Convenience
Urban,USD,7,329.78,Maximus UC-59,594,Convenience
Urban,USD,7,765.45,Maximus UC-60,595,Convenience
Urban,USD,7,834.49,Maximus UC-61,596,Convenience
Urban,USD,7,892.24,Maximus UC-62,597,Convenience
Urban,USD,7,981.7,Maximus UC-63,598,Convenience
Urban,USD,7,902.95,Maximus UC-64,599,Convenience
Urban,USD,7,793.01,Maximus UC-65,600,Convenience
Urban,USD,7,1317.49,Maximus UC-66,601,Convenience
Urban,USD,7,1322.74,Maximus UC-67,602,Convenience
Urban,USD,7,923.48,Maximus UC-68,603,Convenience
Urban,USD,7,564.32,Maximus UC-69,604,Convenience
Urban,USD,7,425.72,Maximus UC-70,605,Convenience
Urban,USD,7,344.14,Maximus UC-71,606,Convenience
Urban,USD,7,965.32,Maximus UC-72,607,Convenience
Urban,USD,7,974.93,Maximus UC-73,608,Convenience
Urban,USD,7,919.8,Maximus UC-74,609,Convenience
Urban,USD,7,931.51,Maximus UC-75,610,Convenience
Urban,USD,7,1501.24,Maximus UC-76,611,Convenience
Urban,USD,7,977.29,Maximus UC-77,612,Convenience
Urban,USD,7,329.78,Maximus UC-78,613,Convenience
Urban,USD,7,711.32,Maximus UC-79,614,Convenience
Urban,USD,7,774.11,Maximus UC-80,615,Convenience
Urban,USD,7,721.82,Maximus UC-81,616,Convenience
Urban,USD,7,859.95,Maximus UC-82,617,Convenience
Urban,USD,7,1207.24,Maximus UC-83,618,Convenience
Urban,USD,7,958.65,Maximus UC-84,619,Convenience
Urban,USD,7,329.78,Maximus UC-85,620,Convenience
Urban,USD,7,498.75,Maximus UC-86,621,Convenience
Urban,USD,7,846.56,Maximus UC-87,622,Convenience
Urban,USD,7,1422.49,Maximus UC-88,623,Convenience
Urban,USD,7,783.56,Maximus UC-89,624,Convenience
Urban,USD,7,1348.73,Maximus UC-90,625,Convenience
Urban,USD,7,1427.95,Maximus UC-91,626,Convenience
Urban,USD,7,922.16,Maximus UC-92,627,Convenience
Urban,USD,7,963.9,Maximus UC-93,628,Convenience
Urban,USD,7,834.23,Maximus UC-94,629,Convenience
Urban,USD,7,519.49,Maximus UC-95,630,Convenience
Urban,USD,7,405.04,Maximus UC-96,631,Convenience
Urban,USD,7,403.73,Maximus UC-97,632,Convenience
Urban,USD,7,572.2,Maximus UC-98,633,Convenience
Urban,USD,7,912.98,Maximus UC-99,634,Convenience
Urban,USD,7,934.76,Maximus UE-01,513,Extreme
Urban,USD,7,936.86,Maximus UE-02,514,Extreme
Urban,USD,7,928.99,Maximus UE-03,515,Extreme
Urban,USD,7,1390.99,Maximus UE-04,516,Extreme
Urban,USD,7,930.83,Maximus UE-05,517,Extreme
Urban,USD,7,904.58,Maximus UE-06,518,Extreme
Urban,USD,7,1627.24,Maximus UE-07,519,Extreme
Urban,USD,7,936.86,Maximus UE-08,520,Extreme
Urban,USD,7,916.39,Maximus UE-09,521,Extreme
Urban,USD,7,1495.99,Maximus UE-10,522,Extreme
Urban,USD,7,955.76,Maximus UE-11,523,Extreme
Urban,USD,7,1338.49,Maximus UE-12,524,Extreme
Urban,USD,7,934.76,Maximus UE-13,525,Extreme
Urban,USD,7,1495.99,Maximus UE-14,526,Extreme
Urban,USD,7,1390.99,Maximus UE-15,527,Extreme
Urban,USD,7,1338.49,Maximus UE-16,528,Extreme
Urban,USD,7,1390.99,Maximus UE-17,529,Extreme
Urban,USD,7,936.86,Maximus UE-18,530,Extreme
Urban,USD,7,934.76,Maximus UE-19,531,Extreme
Urban,USD,7,908.51,Maximus UE-20,532,Extreme
Urban,USD,7,961.01,Maximus UE-21,533,Extreme
Urban,USD,7,922.95,Maximus UE-22,534,Extreme
Urban,USD,7,942.64,Maximus UE-23,535,Extreme
Urban,USD,7,848.93,Maximus UM-00,495,Moderation
Urban,USD,7,950.51,Maximus UM-01,396,Moderation
Urban,USD,7,1034.2,Maximus UM-01,496,Moderation
Urban,USD,7,1506.7,Maximus UM-02,397,Moderation
Urban,USD,7,1501.24,Maximus UM-02,497,Moderation
Urban,USD,7,1585.45,Maximus UM-03,398,Moderation
Urban,USD,7,1469.74,Maximus UM-03,498,Moderation
Urban,USD,7,329.78,Maximus UM-04,399,Moderation
Urban,USD,7,984.11,Maximus UM-04,499,Moderation
Urban,USD,7,902.95,Maximus UM-05,400,Moderation
Urban,USD,7,939.49,Maximus UM-05,500,Moderation
Urban,USD,7,948.68,Maximus UM-06,401,Moderation
Urban,USD,7,1122.82,Maximus UM-06,501,Moderation
Urban,USD,7,1044.7,Maximus UM-07,402,Moderation
Urban,USD,7,1111.16,Maximus UM-07,502,Moderation
Urban,USD,7,1164.82,Maximus UM-08,403,Moderation
Urban,USD,7,1763.74,Maximus UM-08,503,Moderation
Urban,USD,7,1874.2,Maximus UM-09,404,Moderation
Urban,USD,7,1847.74,Maximus UM-09,504,Moderation
Urban,USD,7,1926.7,Maximus UM-10,405,Moderation
Urban,USD,7,1984.45,Maximus UM-10,505,Moderation
Urban,USD,7,1926.7,Maximus UM-11,406,Moderation
Urban,USD,7,1370.2,Maximus UM-11,506,Moderation
Urban,USD,7,1719.32,Maximus UM-12,407,Moderation
Urban,USD,7,2057.95,Maximus UM-12,507,Moderation
Urban,USD,7,1375.45,Maximus UM-13,408,Moderation
Urban,USD,7,969.68,Maximus UM-13,508,Moderation
Urban,USD,7,971.78,Maximus UM-14,409,Moderation
Urban,USD,7,593.25,Maximus UM-14,509,Moderation
Urban,USD,7,1474.99,Maximus UM-15,410,Moderation
Urban,USD,7,944.21,Maximus UM-15,510,Moderation
Urban,USD,7,329.78,Maximus UM-16,411,Moderation
Urban,USD,7,1742.95,Maximus UM-16,511,Moderation
Urban,USD,7,1637.95,Maximus UM-17,412,Moderation
Urban,USD,7,1264.99,Maximus UM-18,413,Moderation
Urban,USD,7,735,Maximus UM-19,414,Moderation
Urban,USD,7,983.01,Maximus UM-20,415,Moderation
Urban,USD,7,955.45,Maximus UM-21,416,Moderation
Urban,USD,7,949.57,Maximus UM-22,417,Moderation
Urban,USD,7,932.4,Maximus UM-23,418,Moderation
Urban,USD,7,1574.21,Maximus UM-24,419,Moderation
Urban,USD,7,1232.18,Maximus UM-25,420,Moderation
Urban,USD,7,1769.2,Maximus UM-26,421,Moderation
Urban,USD,7,918.49,Maximus UM-27,422,Moderation
Urban,USD,7,1052.89,Maximus UM-28,423,Moderation
Urban,USD,7,1716.7,Maximus UM-29,424,Moderation
Urban,USD,7,1022.18,Maximus UM-30,425,Moderation
Urban,USD,7,986.95,Maximus UM-31,426,Moderation
Urban,USD,7,1025.06,Maximus UM-32,427,Moderation
Urban,USD,7,1207.45,Maximus UM-33,428,Moderation
Urban,USD,7,1900.45,Maximus UM-34,429,Moderation
Urban,USD,7,944.11,Maximus UM-35,430,Moderation
Urban,USD,7,1055.2,Maximus UM-36,431,Moderation
Urban,USD,7,935.55,Maximus UM-37,432,Moderation
Urban,USD,7,1007.95,Maximus UM-38,433,Moderation
Urban,USD,7,329.78,Maximus UM-39,434,Moderation
Urban,USD,7,1684.99,Maximus UM-40,435,Moderation
Urban,USD,7,1873.73,Maximus UM-41,436,Moderation
Urban,USD,7,809.03,Maximus UM-42,437,Moderation
Urban,USD,7,1007.95,Maximus UM-43,438,Moderation
Urban,USD,7,1091.32,Maximus UM-44,439,Moderation
Urban,USD,7,1637.95,Maximus UM-45,440,Moderation
Urban,USD,7,671.74,Maximus UM-46,441,Moderation
Urban,USD,7,882,Maximus UM-47,442,Moderation
Urban,USD,7,940.8,Maximus UM-48,443,Moderation
Urban,USD,7,1112.95,Maximus UM-49,444,Moderation
Urban,USD,7,953.82,Maximus UM-50,445,Moderation
Urban,USD,7,329.78,Maximus UM-51,446,Moderation
Urban,USD,7,1584.71,Maximus UM-52,447,Moderation
Urban,USD,7,491.19,Maximus UM-53,448,Moderation
Urban,USD,7,1112.69,Maximus UM-54,449,Moderation
Urban,USD,7,1727.2,Maximus UM-55,450,Moderation
Urban,USD,7,973.82,Maximus UM-56,451,Moderation
Urban,USD,7,1102.45,Maximus UM-57,452,Moderation
Urban,USD,7,329.78,Maximus UM-58,453,Moderation
Urban,USD,7,329.78,Maximus UM-59,454,Moderation
Urban,USD,7,977.55,Maximus UM-60,455,Moderation
Urban,USD,7,1191.7,Maximus UM-61,456,Moderation
Urban,USD,7,1007.95,Maximus UM-62,457,Moderation
Urban,USD,7,1795.45,Maximus UM-63,458,Moderation
Urban,USD,7,1018.24,Maximus UM-64,459,Moderation
Urban,USD,7,1317.49,Maximus UM-65,460,Moderation
Urban,USD,7,1231.07,Maximus UM-66,461,Moderation
Urban,USD,7,2036.95,Maximus UM-67,462,Moderation
Urban,USD,7,572.25,Maximus UM-68,463,Moderation
Urban,USD,7,866.25,Maximus UM-69,464,Moderation
Urban,USD,7,1191.7,Maximus UM-70,465,Moderation
Urban,USD,7,973.19,Maximus UM-71,466,Moderation
Urban,USD,7,928.99,Maximus UM-72,467,Moderation
Urban,USD,7,329.78,Maximus UM-73,468,Moderation
Urban,USD,7,914.03,Maximus UM-74,469,Moderation
Urban,USD,7,1112.69,Maximus UM-75,470,Moderation
Urban,USD,7,968.57,Maximus UM-76,471,Moderation
Urban,USD,7,966.53,Maximus UM-77,472,Moderation
Urban,USD,7,1548.23,Maximus UM-78,473,Moderation
Urban,USD,7,880.16,Maximus UM-79,474,Moderation
Urban,USD,7,1091.21,Maximus UM-80,475,Moderation
Urban,USD,7,1966.07,Maximus UM-81,476,Moderation
Urban,USD,7,1380.07,Maximus UM-82,477,Moderation
Urban,USD,7,1443.7,Maximus UM-83,478,Moderation
Urban,USD,7,970.88,Maximus UM-84,479,Moderation
Urban,USD,7,329.78,Maximus UM-85,480,Moderation
Urban,USD,7,806.93,Maximus UM-86,481,Moderation
Urban,USD,7,677.2,Maximus UM-87,482,Moderation
Urban,USD,7,1637.95,Maximus UM-88,483,Moderation
Urban,USD,7,1312.24,Maximus UM-89,484,Moderation
Urban,USD,7,865.46,Maximus UM-90,485,Moderation
Urban,USD,7,985.43,Maximus UM-91,486,Moderation
Urban,USD,7,1112.95,Maximus UM-92,487,Moderation
Urban,USD,7,1101.08,Maximus UM-93,488,Moderation
Urban,USD,7,1034.2,Maximus UM-94,489,Moderation
Urban,USD,7,861,Maximus UM-95,490,Moderation
Urban,USD,7,959.18,Maximus UM-96,491,Moderation
Urban,USD,7,962.48,Maximus UM-97,492,Moderation
Urban,USD,7,969.68,Maximus UM-98,493,Moderation
Urban,USD,7,1622.2,Maximus UM-99,494,Moderation
Urban,USD,7,262.45,Maximus UR-01,512,Regular
Urban,USD,8,102.53,Natura UC-01,938,Convenience
Urban,USD,8,448.35,Natura UC-02,939,Convenience
Urban,USD,8,698.2,Natura UC-03,940,Convenience
Urban,USD,8,944.95,Natura UC-04,941,Convenience
Urban,USD,8,637.88,Natura UC-05,942,Convenience
Urban,USD,8,695.63,Natura UC-06,943,Convenience
Urban,USD,8,747.6,Natura UC-07,944,Convenience
Urban,USD,8,702.98,Natura UC-08,945,Convenience
Urban,USD,8,708.7,Natura UC-09,946,Convenience
Urban,USD,8,724.45,Natura UC-10,947,Convenience
Urban,USD,8,784.82,Natura UC-11,948,Convenience
Urban,USD,8,1286.2,Natura UC-12,949,Convenience
Urban,USD,8,1417.45,Natura UC-13,950,Convenience
Urban,USD,8,329.78,Natura UC-14,951,Convenience
Urban,USD,8,299.2,Natura UC-15,952,Convenience
Urban,USD,8,127.84,Natura UC-16,953,Convenience
Urban,USD,8,698.2,Natura UC-17,954,Convenience
Urban,USD,8,829.45,Natura UC-18,955,Convenience
Urban,USD,8,874.07,Natura UC-19,956,Convenience
Urban,USD,8,853.07,Natura UC-20,957,Convenience
Urban,USD,8,761.2,Natura UC-21,958,Convenience
Urban,USD,8,863.57,Natura UC-22,959,Convenience
Urban,USD,8,329.78,Natura UC-23,960,Convenience
Urban,USD,8,166.69,Natura UC-24,961,Convenience
Urban,USD,8,524.95,Natura UC-25,962,Convenience
Urban,USD,8,432.6,Natura UC-26,963,Convenience
Urban,USD,8,356.95,Natura UC-27,964,Convenience
Urban,USD,8,524.95,Natura UC-28,965,Convenience
Urban,USD,8,509.2,Natura UC-29,966,Convenience
Urban,USD,8,771.7,Natura UC-30,967,Convenience
Urban,USD,8,708.7,Natura UC-31,968,Convenience
Urban,USD,8,419.95,Natura UC-32,969,Convenience
Urban,USD,8,997.45,Natura UC-33,970,Convenience
Urban,USD,8,1286.2,Natura UC-34,971,Convenience
Urban,USD,8,690.38,Natura UC-35,972,Convenience
Urban,USD,8,643.13,Natura UC-36,973,Convenience
Urban,USD,8,695.1,Natura UC-37,974,Convenience
Urban,USD,8,755.48,Natura UC-38,975,Convenience
Urban,USD,8,349.08,Natura UC-39,976,Convenience
Urban,USD,8,524.95,Natura UC-40,977,Convenience
Urban,USD,8,803.2,Natura UC-41,978,Convenience
Urban,USD,8,409.45,Natura UC-42,979,Convenience
Urban,USD,8,432.6,Natura UC-43,980,Convenience
Urban,USD,8,219.98,Natura UC-44,981,Convenience
Urban,USD,8,1454.2,Natura UC-45,982,Convenience
Urban,USD,8,485.1,Natura UC-46,983,Convenience
Urban,USD,8,329.78,Natura UC-47,984,Convenience
Urban,USD,8,829.45,Natura UC-48,985,Convenience
Urban,USD,8,367.45,Natura UC-49,986,Convenience
Urban,USD,8,192.31,Natura UC-50,987,Convenience
Urban,USD,8,414.7,Natura UC-51,988,Convenience
Urban,USD,8,467.2,Natura UC-52,989,Convenience
Urban,USD,8,530.2,Natura UC-53,990,Convenience
Urban,USD,8,329.78,Natura UC-54,991,Convenience
Urban,USD,8,314.95,Natura UC-55,992,Convenience
Urban,USD,8,448.35,Natura UC-56,993,Convenience
Urban,USD,8,485.1,Natura UC-57,994,Convenience
Urban,USD,8,598.45,Natura UC-58,995,Convenience
Urban,USD,8,729.7,Natura UC-59,996,Convenience
Urban,USD,8,874.07,Natura UC-60,997,Convenience
Urban,USD,8,729.7,Natura UC-61,998,Convenience
Urban,USD,8,782.2,Natura UC-62,999,Convenience
Urban,USD,8,467.2,Natura UE-01,892,Extreme
Urban,USD,8,876.7,Natura UE-02,893,Extreme
Urban,USD,8,309.7,Natura UE-03,894,Extreme
Urban,USD,8,629.95,Natura UE-04,895,Extreme
Urban,USD,8,918.7,Natura UE-05,896,Extreme
Urban,USD,8,787.45,Natura UE-06,897,Extreme
Urban,USD,8,329.78,Natura UE-07,898,Extreme
Urban,USD,8,617.4,Natura UE-08,899,Extreme
Urban,USD,8,304.45,Natura UE-09,900,Extreme
Urban,USD,8,409.45,Natura UE-10,901,Extreme
Urban,USD,8,157.45,Natura UE-11,902,Extreme
Urban,USD,8,78.65,Natura UE-12,903,Extreme
Urban,USD,8,1417.5,Natura UE-13,904,Extreme
Urban,USD,8,635.2,Natura UE-14,905,Extreme
Urban,USD,8,446.2,Natura UE-15,906,Extreme
Urban,USD,8,756,Natura UE-16,907,Extreme
Urban,USD,8,241.45,Natura UE-17,908,Extreme
Urban,USD,8,246.7,Natura UE-18,909,Extreme
Urban,USD,8,446.2,Natura UE-19,910,Extreme
Urban,USD,8,329.78,Natura UE-20,911,Extreme
Urban,USD,8,329.78,Natura UE-21,912,Extreme
Urban,USD,8,388.45,Natura UE-22,913,Extreme
Urban,USD,8,603.7,Natura UE-23,914,Extreme
Urban,USD,8,556.45,Natura UE-24,915,Extreme
Urban,USD,8,839.95,Natura UE-25,916,Extreme
Urban,USD,8,329.78,Natura UE-26,917,Extreme
Urban,USD,8,329.78,Natura UE-27,918,Extreme
Urban,USD,8,329.78,Natura UE-28,919,Extreme
Urban,USD,8,329.78,Natura UE-29,920,Extreme
Urban,USD,8,524.95,Natura UE-30,921,Extreme
Urban,USD,8,488.2,Natura UE-31,922,Extreme
Urban,USD,8,157.4,Natura UE-32,923,Extreme
Urban,USD,8,330.7,Natura UE-33,924,Extreme
Urban,USD,8,330.7,Natura UE-34,925,Extreme
Urban,USD,8,658.35,Natura UE-35,926,Extreme
Urban,USD,8,640.45,Natura UE-36,927,Extreme
Urban,USD,8,329.78,Natura UE-37,928,Extreme
Urban,USD,8,329.78,Natura UE-38,929,Extreme
Urban,USD,8,582.7,Natura UE-39,930,Extreme
Urban,USD,8,356.95,Natura UE-40,931,Extreme
Urban,USD,8,430.45,Natura UE-41,932,Extreme
Urban,USD,8,577.45,Natura UE-42,933,Extreme
Urban,USD,8,329.78,Natura UE-43,934,Extreme
Urban,USD,8,787.4,Natura UE-44,935,Extreme
Urban,USD,8,524.95,Natura UE-45,936,Extreme
Urban,USD,8,524.95,Natura UE-46,937,Extreme
Urban,USD,8,409.45,Natura UM-01,817,Moderation
Urban,USD,8,329.78,Natura UM-02,818,Moderation
Urban,USD,8,1551.38,Natura UM-03,819,Moderation
Urban,USD,8,1049.95,Natura UM-04,820,Moderation
Urban,USD,8,329.78,Natura UM-05,821,Moderation
Urban,USD,8,472.45,Natura UM-06,822,Moderation
Urban,USD,8,624.7,Natura UM-07,823,Moderation
Urban,USD,8,461.95,Natura UM-08,824,Moderation
Urban,USD,8,635.2,Natura UM-09,825,Moderation
Urban,USD,8,1411.2,Natura UM-10,826,Moderation
Urban,USD,8,624.7,Natura UM-11,827,Moderation
Urban,USD,8,976.55,Natura UM-12,828,Moderation
Urban,USD,8,330.7,Natura UM-13,829,Moderation
Urban,USD,8,329.78,Natura UM-14,830,Moderation
Urban,USD,8,329.78,Natura UM-15,831,Moderation
Urban,USD,8,329.78,Natura UM-16,832,Moderation
Urban,USD,8,808.45,Natura UM-17,833,Moderation
Urban,USD,8,1102.45,Natura UM-18,834,Moderation
Urban,USD,8,524.95,Natura UM-19,835,Moderation
Urban,USD,8,839.95,Natura UM-20,836,Moderation
Urban,USD,8,839.95,Natura UM-21,837,Moderation
Urban,USD,8,950.2,Natura UM-22,838,Moderation
Urban,USD,8,957.08,Natura UM-23,839,Moderation
Urban,USD,8,918.7,Natura UM-24,840,Moderation
Urban,USD,8,329.78,Natura UM-25,841,Moderation
Urban,USD,8,755.95,Natura UM-26,842,Moderation
Urban,USD,8,551.2,Natura UM-27,843,Moderation
Urban,USD,8,329.78,Natura UM-28,844,Moderation
Urban,USD,8,329.78,Natura UM-29,845,Moderation
Urban,USD,8,587.95,Natura UM-30,846,Moderation
Urban,USD,8,603.7,Natura UM-31,847,Moderation
Urban,USD,8,329.78,Natura UM-32,848,Moderation
Urban,USD,8,356.95,Natura UM-33,849,Moderation
Urban,USD,8,329.78,Natura UM-34,850,Moderation
Urban,USD,8,329.78,Natura UM-35,851,Moderation
Urban,USD,8,771.7,Natura UM-36,852,Moderation
Urban,USD,8,456.7,Natura UM-37,853,Moderation
Urban,USD,8,866.2,Natura UM-38,854,Moderation
Urban,USD,8,329.78,Natura UR-01,855,Regular
Urban,USD,8,329.78,Natura UR-02,856,Regular
Urban,USD,8,329.78,Natura UR-03,857,Regular
Urban,USD,8,329.78,Natura UR-04,858,Regular
Urban,USD,8,329.78,Natura UR-05,859,Regular
Urban,USD,8,624.7,Natura UR-06,860,Regular
Urban,USD,8,329.78,Natura UR-07,861,Regular
Urban,USD,8,304.45,Natura UR-08,862,Regular
Urban,USD,8,304.45,Natura UR-09,863,Regular
Urban,USD,8,329.78,Natura UR-10,864,Regular
Urban,USD,8,171.47,Natura UR-11,865,Regular
Urban,USD,8,162.65,Natura UR-12,866,Regular
Urban,USD,8,138.08,Natura UR-13,867,Regular
Urban,USD,8,329.78,Natura UR-14,868,Regular
Urban,USD,8,329.78,Natura UR-15,869,Regular
Urban,USD,8,329.78,Natura UR-16,870,Regular
Urban,USD,8,329.78,Natura UR-17,871,Regular
Urban,USD,8,188.9,Natura UR-18,872,Regular
Urban,USD,8,178.66,Natura UR-19,873,Regular
Urban,USD,8,56.75,Natura UR-20,874,Regular
Urban,USD,8,545.95,Natura UR-21,875,Regular
Urban,USD,8,577.45,Natura UR-22,876,Regular
Urban,USD,8,69.85,Natura UR-23,877,Regular
Urban,USD,8,157.45,Natura UR-24,878,Regular
Urban,USD,8,199.4,Natura UR-25,879,Regular
Urban,USD,8,329.78,Natura UR-26,880,Regular
Urban,USD,8,47.3,Natura UR-27,881,Regular
Urban,USD,8,766.45,Natura UR-28,882,Regular
Urban,USD,8,120.65,Natura UR-29,883,Regular
Urban,USD,8,59.33,Natura UR-30,884,Regular
Urban,USD,8,393.7,Natura UR-31,885,Regular
Urban,USD,8,329.78,Natura UR-32,886,Regular
Urban,USD,8,329.78,Natura UR-33,887,Regular
Urban,USD,8,329.78,Natura UR-34,888,Regular
Urban,USD,8,329.78,Natura UR-35,889,Regular
Urban,USD,8,70.09,Natura UR-36,890,Regular
Urban,USD,8,329.78,Natura UR-37,891,Regular
Urban,USD,10,141.7,Pirum UC-01,1199,Convenience
Urban,USD,10,165.32,Pirum UC-02,1200,Convenience
Urban,USD,10,577.45,Pirum UC-03,1201,Convenience
Urban,USD,10,619.45,Pirum UC-04,1202,Convenience
Urban,USD,10,341.2,Pirum UC-05,1203,Convenience
Urban,USD,10,456.7,Pirum UC-06,1204,Convenience
Urban,USD,10,409.45,Pirum UC-07,1205,Convenience
Urban,USD,10,551.2,Pirum UC-08,1206,Convenience
Urban,USD,10,729.7,Pirum UC-09,1207,Convenience
Urban,USD,10,330.7,Pirum UC-10,1208,Convenience
Urban,USD,10,98.44,Pirum UC-11,1209,Convenience
Urban,USD,10,603.7,Pirum UC-12,1210,Convenience
Urban,USD,10,766.45,Pirum UC-13,1211,Convenience
Urban,USD,10,482.95,Pirum UC-14,1212,Convenience
Urban,USD,10,566.95,Pirum UC-15,1213,Convenience
Urban,USD,10,682.45,Pirum UC-16,1214,Convenience
Urban,USD,10,367.45,Pirum UC-17,1215,Convenience
Urban,USD,10,329.78,Pirum UC-18,1216,Convenience
Urban,USD,10,593.2,Pirum UC-19,1217,Convenience
Urban,USD,10,173.2,Pirum UC-20,1218,Convenience
Urban,USD,10,325.45,Pirum UC-21,1219,Convenience
Urban,USD,10,682.45,Pirum UC-22,1220,Convenience
Urban,USD,10,839.95,Pirum UC-23,1221,Convenience
Urban,USD,10,383.2,Pirum UC-24,1222,Convenience
Urban,USD,10,456.7,Pirum UC-25,1223,Convenience
Urban,USD,10,467.2,Pirum UC-26,1224,Convenience
Urban,USD,10,257.2,Pirum UC-27,1225,Convenience
Urban,USD,10,572.2,Pirum UC-28,1226,Convenience
Urban,USD,10,351.7,Pirum UC-29,1227,Convenience
Urban,USD,10,146.95,Pirum UC-30,1228,Convenience
Urban,USD,10,288.7,Pirum UC-31,1229,Convenience
Urban,USD,10,524.95,Pirum UC-32,1230,Convenience
Urban,USD,10,761.2,Pirum UC-33,1231,Convenience
Urban,USD,10,393.7,Pirum UC-34,1232,Convenience
Urban,USD,10,577.45,Pirum UE-01,1165,Extreme
Urban,USD,10,551.2,Pirum UE-02,1166,Extreme
Urban,USD,10,312.32,Pirum UE-03,1167,Extreme
Urban,USD,10,393.7,Pirum UE-04,1168,Extreme
Urban,USD,10,435.7,Pirum UE-05,1169,Extreme
Urban,USD,10,467.2,Pirum UE-06,1170,Extreme
Urban,USD,10,425.2,Pirum UE-07,1171,Extreme
Urban,USD,10,493.45,Pirum UE-08,1172,Extreme
Urban,USD,10,535.45,Pirum UE-09,1173,Extreme
Urban,USD,10,577.45,Pirum UE-10,1174,Extreme
Urban,USD,10,855.7,Pirum UE-11,1175,Extreme
Urban,USD,10,666.7,Pirum UE-12,1176,Extreme
Urban,USD,10,288.7,Pirum UE-13,1177,Extreme
Urban,USD,10,606.32,Pirum UE-14,1178,Extreme
Urban,USD,10,635.2,Pirum UE-15,1179,Extreme
Urban,USD,10,561.7,Pirum UE-16,1180,Extreme
Urban,USD,10,419.95,Pirum UE-17,1181,Extreme
Urban,USD,10,236.2,Pirum UE-18,1182,Extreme
Urban,USD,10,750.7,Pirum UE-19,1183,Extreme
Urban,USD,10,629.95,Pirum UE-20,1184,Extreme
Urban,USD,10,419.95,Pirum UE-21,1185,Extreme
Urban,USD,10,425.2,Pirum UE-22,1186,Extreme
Urban,USD,10,456.7,Pirum UE-23,1187,Extreme
Urban,USD,10,629.95,Pirum UE-24,1188,Extreme
Urban,USD,10,329.78,Pirum UE-25,1189,Extreme
Urban,USD,10,194.2,Pirum UE-26,1190,Extreme
Urban,USD,10,288.7,Pirum UE-27,1191,Extreme
Urban,USD,10,346.45,Pirum UE-28,1192,Extreme
Urban,USD,10,329.78,Pirum UE-29,1193,Extreme
Urban,USD,10,803.2,Pirum UE-30,1194,Extreme
Urban,USD,10,296.57,Pirum UE-31,1195,Extreme
Urban,USD,10,440.95,Pirum UE-32,1196,Extreme
Urban,USD,10,440.95,Pirum UE-33,1197,Extreme
Urban,USD,10,467.2,Pirum UE-34,1198,Extreme
Urban,USD,10,692.95,Pirum UM-01,1124,Moderation
Urban,USD,10,1018.45,Pirum UM-02,1125,Moderation
Urban,USD,10,745.45,Pirum UM-03,1126,Moderation
Urban,USD,10,839.95,Pirum UM-04,1127,Moderation
Urban,USD,10,918.7,Pirum UM-05,1128,Moderation
Urban,USD,10,509.2,Pirum UM-06,1129,Moderation
Urban,USD,10,981.7,Pirum UM-07,1130,Moderation
Urban,USD,10,477.7,Pirum UM-08,1131,Moderation
Urban,USD,10,645.7,Pirum UM-09,1132,Moderation
Urban,USD,10,650.95,Pirum UM-10,1133,Moderation
Urban,USD,10,958.07,Pirum UM-11,1134,Moderation
Urban,USD,10,960.7,Pirum UM-12,1135,Moderation
Urban,USD,10,761.2,Pirum UM-13,1136,Moderation
Urban,USD,10,850.45,Pirum UM-14,1137,Moderation
Urban,USD,10,224.33,Pirum UM-15,1138,Moderation
Urban,USD,10,682.45,Pirum UM-16,1139,Moderation
Urban,USD,10,845.2,Pirum UM-17,1140,Moderation
Urban,USD,10,900.32,Pirum UM-18,1141,Moderation
Urban,USD,10,766.45,Pirum UM-19,1142,Moderation
Urban,USD,10,556.45,Pirum UM-20,1143,Moderation
Urban,USD,10,419.95,Pirum UR-01,1144,Regular
Urban,USD,10,351.7,Pirum UR-02,1145,Regular
Urban,USD,10,65.57,Pirum UR-03,1146,Regular
Urban,USD,10,98.65,Pirum UR-04,1147,Regular
Urban,USD,10,314.95,Pirum UR-05,1148,Regular
Urban,USD,10,152.41,Pirum UR-06,1149,Regular
Urban,USD,10,472.5,Pirum UR-07,1150,Regular
Urban,USD,10,162.7,Pirum UR-08,1151,Regular
Urban,USD,10,209.95,Pirum UR-09,1152,Regular
Urban,USD,10,372.7,Pirum UR-10,1153,Regular
Urban,USD,10,139.07,Pirum UR-11,1154,Regular
Urban,USD,10,629.95,Pirum UR-12,1155,Regular
Urban,USD,10,346.45,Pirum UR-13,1156,Regular
Urban,USD,10,383.2,Pirum UR-14,1157,Regular
Urban,USD,10,209.95,Pirum UR-15,1158,Regular
Urban,USD,10,194.2,Pirum UR-16,1159,Regular
Urban,USD,10,329.78,Pirum UR-17,1160,Regular
Urban,USD,10,183.7,Pirum UR-18,1161,Regular
Urban,USD,10,250.9,Pirum UR-19,1162,Regular
Urban,USD,10,329.78,Pirum UR-20,1163,Regular
Urban,USD,10,107.57,Pirum UR-21,1164,Regular
Youth,USD,2,329.78,Aliqui YY-01,2392,Youth
Youth,USD,2,118.13,Aliqui YY-02,2393,Youth
Youth,USD,2,152.2,Aliqui YY-03,2394,Youth
Youth,USD,2,177.98,Aliqui YY-04,2395,Youth
Youth,USD,2,125.48,Aliqui YY-05,2396,Youth
Youth,USD,2,329.78,Aliqui YY-06,2397,Youth
Youth,USD,2,39.32,Aliqui YY-07,2398,Youth
Youth,USD,2,135.98,Aliqui YY-08,2399,Youth
Youth,USD,2,94.45,Aliqui YY-09,2400,Youth
Youth,USD,2,167.95,Aliqui YY-10,2401,Youth
Youth,USD,2,359.63,Aliqui YY-11,2402,Youth
Youth,USD,2,135.98,Aliqui YY-12,2403,Youth
Youth,USD,2,278.2,Aliqui YY-13,2404,Youth
Youth,USD,2,450.98,Aliqui YY-14,2405,Youth
Youth,USD,2,94.45,Aliqui YY-15,2406,Youth
Youth,USD,2,81.33,Aliqui YY-16,2407,Youth
Youth,USD,2,329.78,Aliqui YY-17,2408,Youth
Youth,USD,2,329.78,Aliqui YY-18,2409,Youth
Youth,USD,2,104.95,Aliqui YY-19,2410,Youth
Youth,USD,2,115.45,Aliqui YY-20,2411,Youth
Youth,USD,2,120.23,Aliqui YY-21,2412,Youth
Youth,USD,4,577.45,Currus YY-01,2097,Youth
Youth,USD,4,325.45,Currus YY-02,2098,Youth
Youth,USD,4,577.45,Currus YY-03,2099,Youth
Youth,USD,4,419.95,Currus YY-04,2100,Youth
Youth,USD,4,262.45,Currus YY-05,2101,Youth
Youth,USD,8,112.83,Natura YY-01,1000,Youth
Youth,USD,8,446.2,Natura YY-02,1001,Youth
Youth,USD,8,288.7,Natura YY-03,1002,Youth
Youth,USD,8,86.58,Natura YY-04,1003,Youth
Youth,USD,8,329.78,Natura YY-05,1004,Youth
Youth,USD,8,125.95,Natura YY-06,1005,Youth
Youth,USD,8,99.7,Natura YY-07,1006,Youth
Youth,USD,8,486.68,Natura YY-08,1007,Youth
Youth,USD,8,280.83,Natura YY-09,1008,Youth
Youth,USD,8,139.08,Natura YY-10,1009,Youth
Youth,USD,8,329.78,Natura YY-11,1010,Youth
Youth,USD,8,293.95,Natura YY-12,1011,Youth
Youth,USD,8,178.45,Natura YY-13,1012,Youth
Youth,USD,8,104.95,Natura YY-14,1013,Youth
Youth,USD,8,86.58,Natura YY-15,1014,Youth
Youth,USD,8,329.78,Natura YY-16,1015,Youth
Youth,USD,8,329.78,Natura YY-17,1016,Youth
Youth,USD,8,317.57,Natura YY-18,1017,Youth
Youth,USD,8,329.78,Natura YY-19,1018,Youth
Youth,USD,8,236.2,Natura YY-20,1019,Youth
Youth,USD,8,329.78,Natura YY-21,1020,Youth
Youth,USD,8,44.52,Natura YY-22,1021,Youth
Youth,USD,8,157.45,Natura YY-23,1022,Youth
Youth,USD,8,320.2,Natura YY-24,1023,Youth
Youth,USD,8,329.78,Natura YY-25,1024,Youth
Youth,USD,8,329.78,Natura YY-26,1025,Youth
Youth,USD,8,181.08,Natura YY-27,1026,Youth
